Language,Accuracy
ar,0.2966666666666667
el,0.3466666666666667
fr,0.36
ru,0.32666666666666666
en,0.4033333333333333
th,0.24666666666666667
